Timepoint,Locus,Simpson
t1,CR1,0
t4,CR1,0.739591837
t9,CR1,0.934489796
t1,CR3,0
t4,CR3,0
t9,CR3,0.272189349