Replicate,Timepoint,Locus,PW_ID,PWD,Simpson,SpacerNumber
2.2,t1,CR1,100.00%,0,0,1
2.3,t4,CR1,36.90%,0.631,0.743801653,1
2.4,t4,CR1,100.00%,0,0,1
2.6,t4,CR1,100.00%,0,0,1
2.1,t9,CR1,100.00%,0,0,1
2.2,t9,CR1,59.60%,0.404,0,2
2.3,t9,CR1,43.20%,0.568,0.724444444,3
2.4,t9,CR1,53.70%,0.463,0.538194444,2
2.5,t9,CR1,49.50%,0.505,0.625,1
2.6,t9,CR1,43.30%,0.567,0.762755102,3
2.11,t9,CR1,100.00%,0,0,1
2.7,t4,CR3,100.00%,0,0,1
2.7,t9,CR3,86.60%,0.134,0.152777778,1