Environment,Group,Mean.Infect,Infect.Lower,Infect.Upper
Past,1,0.6756496,0.6532916,0.6975606
Contemporary,1,0.613,0.591,0.636
Future,1,0.07769608,0.06068026,0.09878828