Timepoint,Score,SE,Lower,Upper
t1,0.21794,0.13302,0.0269477024,0.4089299833
t4,0.33661,0.13302,0.1456180167,0.5276002976
t9,0.13221,0.13302,0,0.3231996119
