Timepoint,Score,SE
t1,0.1757821,0.01163162
t4,0.1760169852,0.01163162
t9,0.14257587,0.01163162
