"Timepoint","Phage","Phage.SE","Host","Host.SE"
"t1",0.1757821,0.01163162,0.04639759,0.01285956
"t4",0.1888682,0.01163162,0.1196597,0.01285956
"t9",0.05618702,0.01163162,0.0283532,0.01285956
