Timepoint,Score,SE
t1,0.1757821,0.01163162
t4,0.1888682,0.01163162
t9,0.05618702,0.01163162