Replicate,Timepoint,Score
2.1,t1,0
2.2,t1,0.1949694
2.3,t1,0.2575614
2.4,t1,0.1602143
2.5,t1,NA
2.6,t1,0.6387616
2.7,t1,0.2740652
2.11,t1,0
2.1,t4,0.2911075
2.2,t4,0.2330816
2.3,t4,0.6469845
2.4,t4,0
2.5,t4,NA
2.6,t4,0.1850905
2.7,t4,1
2.11,t4,0
2.1,t9,0
2.2,t9,0.3512406
2.3,t9,0.2522883
2.4,t9,0
2.5,t9,NA
2.6,t9,0
2.7,t9,0.1773599
2.11,t9,0.1445705
