Host,Phage,Mean.Infect,Infect.Lower,Infect.Upper
t1,Contemporary,0.9385,0.922541535,0.952219033
t1,Future,0.7332745,0.6171146,0.8247292
t4,Past,0.1746,0.152007601,0.198848887
t4,Contemporary,0.5774,0.546718569,0.607650893
t4,Future,0.5595,0.5287546,0.589991139
t9,Past,0.0284399,0.01727959,0.04547057
t9,Contemporary,0.3234,0.295008605,0.352712339