Environment,Group,Mean.Resist,Resist.Lower,Resist.Upper
Future,1,0.2929426,0.254607,0.3342488
Present,1,0.3844741,0.3631923,0.4060355
Past,1,0.90799845,0.8873082,0.9253576