Mutation,Mean,Lower,Upper
None,0.3273,0.2783871,0.3789121
Random,0.3313783,0.2828115,0.3824672
Protospacer-associated,0.5831382,0.4532879,0.7020722