PWD,Mean,Lower,Upper
0,0.7267097,0.589706284,0.8326214
0.134,0.2620989,0.11676163,0.4438035
0.404,0.1594559,0.06155306,0.3215537
0.463,0.66117,0.439343092,0.8461735
0.568,0.227384,0.05979591,0.5739955
0.631,0.09984484,0.0246652,0.325891