NotTargetted,Mean,Lower,Upper
0,0.7456197,0.631721138,0.8479743
1,0.473537,0.21534783,0.6373556
2,0.1033081,0.01973307,0.3800561
3,0,0,0.02