NotTargetted,Mean,Lower,Upper
0,0.6039,0.55597338,0.650554
1,0.6353,0.4699506,0.7768471
2,0.1176,0.0168223,0.3699161
3,0,0,0.05