Location,Mean,Lower,Upper
PAM,0.3552311,3.10E-01,0.402295
Sequence,0.605042,0.4827597,0.7153702