Mutation,Mean,Lower,Upper
+,0.7254967,0.6235863,0.808936
-,0.34342,0.2018424,0.5279813