Type,Mean,Lower,Upper
Escape,0.5816,0.4505216,0.701754
Other,0.3273,0.2783871,0.3789121