Timepoint,Group,Mean.Infect,Infect.Lower,Infect.Upper,Mean.Resist,Resist.Lower,Resist.Upper
t1,1,0.4365686,0.3616861,0.5144658,0.08910599,0.04980783,0.1543846
t4,1,0.3118467,0.2403827,0.3935529,0.3052969,0.2259134,0.3982582
t9,1,0.09340085,0.05590019,0.1520119,0.4704096,0.4200272,0.5232515